31.11111,31.06667,31.06667,31.2,31.15556,31.18889,31.26667,31.32222,31.3,31.21111,31.21111,31.43333,31.53333,31.92222,32.93333,34.95556,36.61111,36.53333,34.81111,32.56667,31.67778,31.41111,31.41111,31.37778,31.38889,31.36667,31.21111,31.24444,31.18889,31.13333,31.2,31.16667,31.14444,31.05556,30.96667,31.03333,31,31.02222,31.05556,30.98889
31.14444,31.06667,31.17778,31.07778,31.23333,31.2,31.28889,31.32222,31.37778,31.38889,31.36667,31.47778,31.6,31.86667,33,35.1,36.74444,36.73333,34.9,32.72222,31.81111,31.6,31.54444,31.42222,31.38889,31.35556,31.38889,31.32222,31.41111,31.23333,31.2,31.13333,31.2,31.21111,31.14444,31.16667,31.06667,31.1,31.07778,31.01111
31.13333,31.16667,31.17778,31.2,31.15556,31.2,31.27778,31.28889,31.28889,31.35556,31.35556,31.41111,31.62222,31.91111,33.04444,35.04444,36.8,36.8,35.08889,32.88889,31.86667,31.62222,31.58889,31.41111,31.38889,31.43333,31.34444,31.37778,31.34444,31.3,31.28889,31.12222,31.1,31.22222,31.18889,31.26667,31.12222,31.08889,31.13333,31
31.02222,31.1,31.17778,31.2,31.13333,31.22222,31.32222,31.23333,31.36667,31.38889,31.38889,31.45556,31.68889,32.07778,33.11111,35.13333,36.87778,36.83333,35.17778,33,31.96667,31.61111,31.61111,31.6,31.56667,31.52222,31.41111,31.41111,31.43333,31.28889,31.3,31.32222,31.12222,31.21111,31.25556,31.17778,31.18889,31.17778,31.14444,31.11111
31.12222,31.18889,31.22222,31.26667,31.26667,31.3,31.27778,31.4,31.44444,31.45556,31.47778,31.57778,31.6,32.07778,33.21111,35.26667,37.06667,36.91111,35.4,33.11111,32.16667,31.7,31.58889,31.66667,31.54444,31.51111,31.58889,31.53333,31.43333,31.42222,31.36667,31.35556,31.31111,31.24444,31.34444,31.24444,31.2,31.25556,31.21111,31.12222
31.14444,31.13333,31.13333,31.11111,31.11111,31.31111,31.21111,31.27778,31.35556,31.42222,31.35556,31.47778,31.62222,31.94444,33.07778,35.21111,37.11111,37.08889,35.54444,33.16667,32.14444,31.62222,31.64444,31.65556,31.57778,31.48889,31.48889,31.48889,31.4,31.37778,31.4,31.34444,31.24444,31.25556,31.21111,31.14444,31.2,31.22222,31.22222,31.08889
31.15556,31.26667,31.22222,31.2,31.16667,31.33333,31.38889,31.31111,31.33333,31.42222,31.5,31.62222,31.65556,32.06667,33.2,35.17778,37.1,37.23333,35.7,33.35556,32.23333,31.71111,31.65556,31.65556,31.67778,31.5,31.53333,31.54444,31.5,31.43333,31.54444,31.36667,31.38889,31.3,31.32222,31.21111,31.3,31.34444,31.25556,31.15556
31.17778,31.16667,31.2,31.21111,31.31111,31.4,31.33333,31.4,31.36667,31.48889,31.31111,31.6,31.78889,32.06667,33.28889,35.3,37.16667,37.41111,35.91111,33.43333,32.18889,31.8,31.64444,31.71111,31.66667,31.62222,31.55556,31.55556,31.6,31.58889,31.52222,31.56667,31.43333,31.37778,31.47778,31.44444,31.33333,31.35556,31.26667,31.25556
31.18889,31.1,31.21111,31.22222,31.11111,31.25556,31.23333,31.36667,31.48889,31.4,31.45556,31.6,31.67778,32.08889,33.07778,35.21111,37.24444,37.37778,36.14444,33.65556,32.31111,31.8,31.71111,31.65556,31.51111,31.62222,31.63333,31.46667,31.6,31.4,31.4,31.46667,31.37778,31.41111,31.35556,31.4,31.3,31.43333,31.37778,31.33333
31.1,31.12222,31.14444,31.15556,31.13333,31.18889,31.18889,31.32222,31.42222,31.45556,31.51111,31.5,31.7,32.02222,32.98889,35.2,37.25556,37.46667,36.33333,33.84444,32.31111,31.67778,31.57778,31.6,31.6,31.48889,31.48889,31.54444,31.57778,31.45556,31.41111,31.48889,31.45556,31.45556,31.42222,31.32222,31.35556,31.31111,31.32222,31.31111
31.15556,31.14444,31.2,31.21111,31.28889,31.17778,31.28889,31.41111,31.44444,31.5,31.45556,31.6,31.54444,32.08889,33.03333,35.18889,37.31111,37.74444,36.47778,34.04444,32.35556,31.92222,31.64444,31.63333,31.6,31.58889,31.56667,31.57778,31.61111,31.57778,31.54444,31.58889,31.52222,31.44444,31.45556,31.54444,31.42222,31.42222,31.3,31.4
31.15556,31.23333,31.2,31.08889,31.25556,31.28889,31.38889,31.3,31.47778,31.38889,31.44444,31.54444,31.65556,32.1,33.01111,35.13333,37.37778,37.83333,36.68889,34.15556,32.5,31.81111,31.68889,31.65556,31.62222,31.7,31.53333,31.56667,31.54444,31.55556,31.54444,31.57778,31.5,31.42222,31.52222,31.51111,31.37778,31.48889,31.41111,31.32222
31.03333,31.18889,31.18889,31.21111,31.27778,31.32222,31.25556,31.42222,31.54444,31.34444,31.6,31.6,31.68889,32.1,32.96667,34.94444,37.17778,37.87778,36.9,34.17778,32.54444,31.92222,31.78889,31.7,31.57778,31.61111,31.67778,31.55556,31.63333,31.46667,31.45556,31.6,31.46667,31.53333,31.46667,31.48889,31.45556,31.51111,31.4,31.31111
31.16667,31.21111,31.17778,31.26667,31.25556,31.25556,31.41111,31.5,31.47778,31.52222,31.48889,31.64444,31.78889,32.02222,32.83333,34.82222,36.82222,37.8,37.03333,34.57778,32.9,32.18889,31.94444,31.78889,31.67778,31.73333,31.64444,31.63333,31.67778,31.61111,31.66667,31.6,31.57778,31.55556,31.63333,31.58889,31.47778,31.54444,31.45556,31.54444
31.15556,31.17778,31.31111,31.31111,31.32222,31.38889,31.38889,31.32222,31.44444,31.47778,31.54444,31.76667,31.76667,32.07778,32.68889,34.14444,36.18889,37.53333,37.37778,35.13333,33.36667,32.53333,32.14444,32.03333,31.82222,31.77778,31.83333,31.76667,31.72222,31.68889,31.65556,31.67778,31.67778,31.73333,31.65556,31.75556,31.65556,31.64444,31.7,31.71111
31.13333,31.33333,31.17778,31.22222,31.32222,31.33333,31.42222,31.42222,31.47778,31.65556,31.64444,31.76667,31.9,32.14444,32.53333,33.62222,35.25556,37.08889,37.6,36.11111,34.58889,33.2,32.62222,32.3,32.08889,32.01111,32.08889,32.02222,31.97778,31.92222,32.02222,32.03333,31.92222,32.03333,32.02222,32.08889,32.11111,32.13333,32.16667,32.11111
31.17778,31.16667,31.22222,31.25556,31.28889,31.35556,31.4,31.41111,31.64444,31.55556,31.71111,31.75556,31.82222,31.94444,32.44444,33.21111,34.57778,36.7,37.78889,37.07778,35.98889,34.45556,33.34444,33.01111,32.8,32.84444,32.74444,32.81111,32.8,32.83333,32.84444,32.9,32.95556,33.02222,33.11111,33.21111,33.28889,33.32222,33.45556,33.61111
31.21111,31.27778,31.3,31.28889,31.35556,31.4,31.5,31.56667,31.57778,31.67778,31.78889,31.8,31.93333,32.02222,32.37778,32.9,34.14444,36.07778,37.83333,37.67778,37.1,35.81111,34.9,34.68889,34.65556,34.63333,34.71111,34.74444,34.74444,34.87778,34.81111,35,35.21111,35.28889,35.37778,35.55556,35.71111,35.86667,36.01111,36.26667
31.24444,31.23333,31.34444,31.3,31.3,31.41111,31.48889,31.48889,31.61111,31.66667,31.75556,31.81111,31.91111,32.01111,32.32222,32.56667,33.7,35.35556,37.27778,37.65556,37.61111,37.38889,37.15556,37.08889,37.05556,36.98889,37.02222,37.2,37.3,37.3,37.36667,37.4,37.64444,37.7,37.83333,37.96667,38.04444,38.23333,38.18889,38.3
31.23333,31.26667,31.26667,31.24444,31.31111,31.36667,31.43333,31.48889,31.63333,31.73333,31.77778,31.88889,31.94444,32.01111,32.24444,32.52222,33.25556,34.73333,36.76667,37.21111,37.51111,37.92222,38.15556,38.21111,38.25556,38.21111,38.23333,38.26667,38.28889,38.26667,38.25556,38.33333,38.42222,38.43333,38.57778,38.65556,38.7,38.77778,38.85556,38.87778
31.21111,31.18889,31.24444,31.23333,31.38889,31.33333,31.36667,31.4,31.64444,31.75556,31.74444,31.78889,32,32.02222,32.11111,32.26667,32.95556,34.16667,36.14444,36.54444,36.35556,36.64444,37.2,37.31111,37.33333,37.3,37.36667,37.33333,37.34444,37.27778,37.27778,37.13333,37.28889,37.24444,37.27778,37.35556,37.33333,37.54444,37.46667,37.45556
31.26667,31.26667,31.28889,31.27778,31.32222,31.48889,31.47778,31.57778,31.73333,31.68889,31.75556,31.91111,31.96667,31.98889,32.21111,32.36667,32.77778,33.6,35.08889,35.45556,34.94444,34.73333,34.92222,35.08889,34.94444,35.06667,35.04444,34.94444,34.9,34.76667,34.76667,34.77778,34.73333,34.81111,34.81111,34.78889,34.78889,34.85556,34.75556,34.92222
31.2,31.21111,31.3,31.34444,31.4,31.52222,31.52222,31.55556,31.71111,31.72222,31.78889,31.9,31.94444,32.17778,32.16667,32.36667,32.56667,33.04444,33.67778,33.83333,33.62222,33.28889,33.23333,33.23333,33.25556,33.25556,33.02222,33.08889,32.96667,33,32.97778,32.92222,32.84444,32.85556,32.91111,32.85556,32.92222,32.91111,32.9,32.85556
31.2,31.23333,31.34444,31.24444,31.34444,31.44444,31.46667,31.52222,31.67778,31.74444,31.8,31.91111,31.97778,32.03333,32.13333,32.3,32.4,32.46667,32.84444,32.9,32.77778,32.5,32.53333,32.46667,32.35556,32.32222,32.21111,32.23333,32.11111,31.97778,32.12222,32.01111,31.93333,32.07778,31.98889,31.93333,31.86667,31.96667,31.95556,32.01111
31.21111,31.14444,31.32222,31.23333,31.31111,31.37778,31.48889,31.47778,31.57778,31.67778,31.72222,31.82222,31.92222,31.94444,32.06667,32.13333,32.2,32.31111,32.36667,32.31111,32.35556,32.16667,32.14444,32.04444,32.06667,32.01111,31.94444,31.9,31.86667,31.86667,31.7,31.75556,31.71111,31.66667,31.7,31.74444,31.63333,31.67778,31.72222,31.63333
31.12222,31.18889,31.28889,31.3,31.32222,31.31111,31.36667,31.43333,31.61111,31.66667,31.81111,31.86667,31.9,31.96667,32.04444,32.02222,32.07778,32.22222,32.22222,32.22222,32.15556,32.13333,32.08889,32.04444,32.05556,31.96667,31.82222,31.97778,31.77778,31.77778,31.64444,31.65556,31.66667,31.62222,31.61111,31.63333,31.6,31.61111,31.55556,31.54444
31.14444,31.22222,31.21111,31.21111,31.28889,31.28889,31.32222,31.47778,31.6,31.63333,31.68889,31.86667,31.88889,31.96667,31.97778,32.01111,32.1,32.1,32.12222,32.1,32.07778,32.07778,32.01111,31.95556,32,31.91111,31.87778,31.92222,31.76667,31.66667,31.57778,31.68889,31.45556,31.64444,31.58889,31.57778,31.53333,31.51111,31.6,31.54444
31.17778,31.18889,31.24444,31.16667,31.27778,31.32222,31.38889,31.51111,31.64444,31.57778,31.67778,31.77778,31.8,31.78889,31.85556,31.93333,32,31.95556,32.08889,31.95556,32.03333,31.98889,31.95556,31.94444,31.91111,31.92222,31.81111,31.76667,31.7,31.64444,31.67778,31.6,31.5,31.55556,31.56667,31.52222,31.52222,31.58889,31.46667,31.52222
31.18889,31.23333,31.21111,31.22222,31.22222,31.23333,31.38889,31.45556,31.56667,31.55556,31.64444,31.66667,31.86667,31.8,31.96667,31.85556,31.93333,31.94444,32.06667,31.98889,31.97778,31.93333,31.86667,31.95556,31.93333,31.85556,31.83333,31.78889,31.64444,31.61111,31.57778,31.51111,31.53333,31.54444,31.54444,31.57778,31.5,31.4,31.48889,31.33333
31.1,31.12222,31.18889,31.1,31.22222,31.25556,31.25556,31.32222,31.47778,31.5,31.56667,31.63333,31.68889,31.66667,31.88889,31.74444,31.87778,31.88889,32,31.91111,31.86667,32,31.87778,31.92222,31.87778,31.77778,31.68889,31.75556,31.62222,31.61111,31.64444,31.53333,31.37778,31.5,31.44444,31.5,31.45556,31.37778,31.51111,31.41111
31.24444,31.05556,31.21111,31.2,31.23333,31.23333,31.27778,31.32222,31.35556,31.45556,31.44444,31.58889,31.66667,31.57778,31.82222,31.65556,31.74444,31.81111,31.93333,31.9,31.84444,31.88889,31.77778,31.74444,31.85556,31.73333,31.68889,31.62222,31.71111,31.54444,31.56667,31.5,31.46667,31.42222,31.42222,31.31111,31.46667,31.41111,31.35556,31.3
31.14444,31.12222,31.1,31.08889,31.15556,31.23333,31.1,31.26667,31.3,31.37778,31.4,31.37778,31.57778,31.46667,31.67778,31.66667,31.8,31.78889,31.76667,31.61111,31.71111,31.7,31.71111,31.68889,31.74444,31.67778,31.57778,31.58889,31.42222,31.48889,31.48889,31.45556,31.35556,31.45556,31.42222,31.28889,31.33333,31.33333,31.35556,31.21111
31.1,31.1,31.11111,31.1,31.18889,31.14444,31.28889,31.2,31.32222,31.36667,31.25556,31.46667,31.5,31.57778,31.6,31.63333,31.7,31.76667,31.6,31.61111,31.67778,31.61111,31.57778,31.64444,31.75556,31.62222,31.47778,31.51111,31.54444,31.48889,31.43333,31.4,31.35556,31.41111,31.27778,31.33333,31.36667,31.41111,31.4,31.24444
31.22222,31.2,31.1,31.13333,31.18889,31.1,31.22222,31.23333,31.26667,31.28889,31.24444,31.35556,31.41111,31.45556,31.54444,31.48889,31.51111,31.66667,31.7,31.53333,31.6,31.67778,31.58889,31.61111,31.67778,31.46667,31.52222,31.62222,31.5,31.4,31.3,31.48889,31.35556,31.35556,31.33333,31.37778,31.31111,31.45556,31.35556,31.26667
31.06667,31.1,31.06667,31.01111,31.01111,31.05556,31.03333,31.06667,31.05556,31.11111,31.15556,31.26667,31.32222,31.28889,31.48889,31.45556,31.4,31.45556,31.57778,31.37778,31.62222,31.43333,31.52222,31.47778,31.47778,31.41111,31.41111,31.47778,31.41111,31.45556,31.34444,31.22222,31.3,31.34444,31.22222,31.24444,31.25556,31.36667,31.16667,31.14444
31.08889,31.07778,31.04444,31.01111,31,31.1,30.98889,31.02222,31.16667,31.04444,31.04444,31.13333,31.27778,31.27778,31.3,31.32222,31.37778,31.38889,31.45556,31.42222,31.37778,31.35556,31.28889,31.48889,31.35556,31.35556,31.35556,31.33333,31.28889,31.2,31.23333,31.17778,31.17778,31.33333,31.18889,31.26667,31.24444,31.16667,31.22222,31.26667
31.04444,31.04444,30.97778,30.92222,31,30.95556,30.84444,30.88889,31.01111,31.02222,30.97778,31.1,31.14444,31.03333,31.2,31.21111,31.26667,31.25556,31.3,31.28889,31.25556,31.27778,31.22222,31.4,31.27778,31.28889,31.32222,31.26667,31.26667,31.21111,31.21111,31.3,31.04444,31.16667,31.22222,31.26667,31.26667,31.33333,31.33333,31.14444
31.03333,31.02222,31.08889,30.9,30.91111,30.9,30.86667,30.73333,30.94444,30.86667,31.04444,31.02222,31.04444,31,31.11111,31.04444,31.2,31.17778,31.16667,31.17778,31.25556,31.21111,31.22222,31.28889,31.35556,31.18889,31.11111,31.16667,31.17778,31.15556,31.16667,31.24444,31.15556,31.17778,31.22222,31.3,31.22222,31.35556,31.21111,31.22222
31.01111,31,30.98889,30.85556,30.84444,30.88889,30.84444,30.81111,30.78889,30.88889,30.82222,30.9,30.9,31.02222,31.08889,31.05556,31.05556,30.96667,31.1,31.06667,31.18889,31.13333,31.21111,31.25556,31.17778,31.25556,31.13333,31.15556,31.16667,31.11111,31.11111,31.16667,31.14444,31.04444,31.12222,31.26667,31.22222,31.31111,31.23333,31.06667
31.12222,31.03333,30.91111,30.97778,30.82222,30.77778,30.72222,30.68889,30.87778,30.81111,30.88889,30.9,30.95556,30.94444,30.94444,31,31.08889,31.11111,31.14444,31.11111,31.17778,31.14444,31.16667,31.21111,31.12222,31.17778,31.14444,31.24444,31.33333,31.12222,31.33333,31.2,31.18889,31.25556,31.21111,31.21111,31.31111,31.36667,31.23333,30.97778
