26.06,25.84,25.54,25.71,25.33,25.22,25.08,25.00,25.46,25.30,25.49,25.52,25.65,25.62,25.62,25.76,25.98,26.03,26.11,26.03,26.19,26.11,26.17,26.28,26.06,26.19,26.11,26.36,26.57,26.06,26.57,26.25,26.22,26.38,26.28,26.28,26.52,26.66,26.33,25.71
25.79,25.76,25.73,25.41,25.38,25.49,25.38,25.30,25.24,25.49,25.33,25.52,25.52,25.81,25.98,25.90,25.90,25.68,26.00,25.92,26.22,26.09,26.28,26.38,26.19,26.38,26.09,26.14,26.17,26.03,26.03,26.17,26.11,25.87,26.06,26.41,26.30,26.52,26.33,25.92
25.84,25.81,25.98,25.52,25.54,25.52,25.43,25.11,25.62,25.43,25.87,25.81,25.87,25.76,26.03,25.87,26.25,26.19,26.17,26.19,26.38,26.28,26.30,26.47,26.63,26.22,26.03,26.17,26.19,26.14,26.17,26.36,26.14,26.19,26.30,26.49,26.30,26.63,26.28,26.30
25.87,25.87,25.71,25.57,25.76,25.65,25.38,25.49,25.79,25.81,25.71,26.00,26.11,25.84,26.25,26.28,26.41,26.38,26.49,26.47,26.38,26.44,26.30,26.74,26.44,26.47,26.55,26.41,26.41,26.28,26.28,26.49,25.87,26.17,26.30,26.41,26.41,26.57,26.57,26.11
25.98,25.95,25.87,25.79,25.76,26.00,25.73,25.81,26.17,25.87,25.87,26.09,26.44,26.44,26.49,26.55,26.68,26.71,26.87,26.79,26.68,26.63,26.47,26.95,26.63,26.63,26.63,26.57,26.47,26.25,26.33,26.19,26.19,26.57,26.22,26.41,26.36,26.17,26.30,26.41
25.92,26.00,25.92,25.79,25.79,25.90,25.84,25.92,25.90,26.03,26.14,26.41,26.55,26.47,26.95,26.87,26.74,26.87,27.17,26.68,27.28,26.82,27.04,26.93,26.93,26.76,26.76,26.93,26.76,26.87,26.60,26.30,26.49,26.60,26.30,26.36,26.38,26.66,26.17,26.11
26.30,26.25,26.00,26.09,26.22,26.00,26.30,26.33,26.41,26.47,26.36,26.63,26.76,26.87,27.09,26.95,27.01,27.39,27.47,27.06,27.23,27.42,27.20,27.25,27.42,26.90,27.04,27.28,26.98,26.74,26.49,26.95,26.63,26.63,26.57,26.68,26.52,26.87,26.63,26.41
26.00,26.00,26.03,26.00,26.22,26.11,26.47,26.25,26.55,26.66,26.38,26.90,26.98,27.17,27.23,27.31,27.47,27.63,27.23,27.25,27.42,27.25,27.17,27.33,27.61,27.28,26.93,27.01,27.09,26.95,26.82,26.74,26.63,26.76,26.44,26.57,26.66,26.76,26.74,26.36
26.11,26.06,26.00,25.98,26.14,26.33,26.00,26.41,26.49,26.68,26.74,26.68,27.17,26.90,27.42,27.39,27.71,27.69,27.63,27.25,27.50,27.47,27.50,27.44,27.58,27.42,27.17,27.20,26.79,26.95,26.95,26.87,26.63,26.87,26.79,26.47,26.57,26.57,26.63,26.28
26.36,25.90,26.28,26.25,26.33,26.33,26.44,26.55,26.63,26.87,26.85,27.20,27.39,27.17,27.77,27.36,27.58,27.74,28.04,27.96,27.82,27.93,27.66,27.58,27.85,27.55,27.44,27.28,27.50,27.09,27.14,26.98,26.90,26.79,26.79,26.52,26.90,26.76,26.63,26.49
26.00,26.06,26.22,26.00,26.30,26.38,26.38,26.55,26.93,26.98,27.14,27.31,27.44,27.39,27.93,27.58,27.90,27.93,28.20,27.99,27.88,28.20,27.90,28.01,27.90,27.66,27.44,27.61,27.28,27.25,27.33,27.06,26.68,26.98,26.85,26.98,26.87,26.68,27.01,26.76
26.22,26.33,26.28,26.30,26.30,26.33,26.71,26.87,27.14,27.12,27.33,27.39,27.88,27.71,28.12,27.85,28.04,28.07,28.36,28.18,28.15,28.04,27.88,28.09,28.04,27.85,27.80,27.69,27.33,27.25,27.17,27.01,27.06,27.09,27.09,27.17,26.98,26.74,26.95,26.57
26.19,26.22,26.36,26.17,26.44,26.55,26.71,27.01,27.33,27.17,27.42,27.66,27.71,27.69,27.85,28.04,28.20,28.09,28.42,28.09,28.28,28.18,28.09,28.07,27.99,28.01,27.74,27.63,27.47,27.33,27.42,27.23,26.98,27.12,27.14,27.04,27.04,27.20,26.90,27.04
26.11,26.30,26.28,26.28,26.47,26.47,26.55,26.93,27.23,27.31,27.44,27.88,27.93,28.12,28.15,28.23,28.45,28.45,28.50,28.45,28.39,28.39,28.23,28.09,28.20,27.99,27.90,28.01,27.63,27.39,27.17,27.44,26.87,27.33,27.20,27.17,27.06,27.01,27.23,27.09
26.06,26.22,26.47,26.49,26.55,26.52,26.66,26.82,27.25,27.39,27.74,27.88,27.96,28.12,28.31,28.26,28.39,28.74,28.74,28.74,28.58,28.53,28.42,28.31,28.34,28.12,27.77,28.15,27.66,27.66,27.33,27.36,27.39,27.28,27.25,27.31,27.23,27.25,27.12,27.09
26.28,26.11,26.55,26.33,26.52,26.68,26.95,26.93,27.17,27.42,27.52,27.77,28.01,28.07,28.36,28.53,28.69,28.96,29.10,28.96,29.07,28.61,28.55,28.31,28.36,28.23,28.07,27.96,27.88,27.88,27.47,27.61,27.50,27.39,27.47,27.58,27.31,27.42,27.52,27.31
26.25,26.33,26.60,26.36,26.60,26.85,26.90,27.04,27.42,27.58,27.71,27.99,28.15,28.28,28.53,28.93,29.18,29.34,30.26,30.40,30.10,29.42,29.50,29.34,29.07,28.99,28.72,28.77,28.47,28.15,28.50,28.23,28.04,28.39,28.18,28.04,27.88,28.12,28.09,28.23
26.25,26.28,26.49,26.60,26.74,27.04,27.04,27.12,27.50,27.52,27.69,27.96,28.07,28.64,28.61,29.10,29.59,30.75,32.30,32.68,32.16,31.35,31.21,31.21,31.27,31.27,30.70,30.86,30.56,30.64,30.59,30.45,30.26,30.29,30.43,30.29,30.45,30.43,30.40,30.29
26.41,26.41,26.47,26.44,26.55,26.95,26.93,27.17,27.55,27.44,27.61,27.99,28.12,28.18,28.72,29.10,30.10,32.11,35.75,36.64,35.39,34.88,35.34,35.75,35.39,35.69,35.64,35.39,35.28,34.96,34.96,34.99,34.88,35.07,35.07,35.01,35.01,35.18,34.93,35.34
26.28,26.22,26.36,26.33,26.71,26.57,26.66,26.74,27.33,27.61,27.58,27.69,28.20,28.26,28.47,28.85,30.54,33.49,38.32,39.30,38.84,39.55,40.90,41.17,41.23,41.15,41.31,41.23,41.26,41.09,41.09,40.74,41.12,41.01,41.09,41.28,41.23,41.74,41.55,41.53
26.33,26.41,26.41,26.36,26.52,26.66,26.82,26.95,27.31,27.55,27.66,27.93,28.07,28.23,28.80,29.48,31.27,34.88,39.84,40.93,41.66,42.67,43.24,43.37,43.48,43.37,43.43,43.51,43.56,43.51,43.48,43.67,43.89,43.91,44.27,44.46,44.57,44.76,44.95,45.00
26.36,26.33,26.60,26.49,26.49,26.76,26.95,26.95,27.25,27.39,27.61,27.74,27.99,28.23,28.99,29.59,32.35,36.40,41.09,42.01,41.91,41.36,40.79,40.63,40.55,40.39,40.47,40.90,41.15,41.15,41.31,41.39,41.99,42.12,42.45,42.77,42.96,43.43,43.32,43.59
26.28,26.44,26.49,26.47,26.63,26.74,26.98,27.14,27.17,27.42,27.69,27.71,28.04,28.26,29.12,30.40,33.44,38.16,42.45,42.07,40.66,37.51,35.28,34.77,34.69,34.63,34.82,34.91,34.91,35.23,35.07,35.53,36.04,36.23,36.45,36.89,37.27,37.65,38.00,38.62
26.19,26.17,26.30,26.38,26.47,26.63,26.74,26.76,27.33,27.12,27.50,27.61,27.77,28.07,29.29,31.16,34.50,39.68,42.34,40.60,37.94,34.20,31.49,30.67,30.16,30.26,30.02,30.18,30.16,30.24,30.26,30.40,30.54,30.70,30.92,31.16,31.35,31.43,31.76,32.14
26.09,26.57,26.19,26.30,26.55,26.57,26.79,26.79,26.93,27.36,27.33,27.63,27.96,28.55,29.50,32.16,36.15,40.63,41.88,38.24,34.53,31.13,29.72,28.93,28.42,28.23,28.42,28.26,28.15,28.01,28.26,28.28,28.01,28.28,28.26,28.42,28.47,28.53,28.61,28.47
26.14,26.19,26.52,26.52,26.55,26.71,26.71,26.55,26.85,26.93,27.09,27.63,27.63,28.39,29.88,33.44,38.43,41.72,41.34,35.85,31.54,29.50,28.55,28.28,27.77,27.66,27.80,27.63,27.52,27.44,27.36,27.42,27.42,27.55,27.36,27.61,27.36,27.33,27.47,27.50
26.17,26.28,26.19,26.41,26.38,26.38,26.76,26.98,26.93,27.04,26.95,27.33,27.69,28.26,30.24,35.09,39.98,42.37,40.50,34.50,30.40,28.66,28.07,27.69,27.42,27.55,27.33,27.31,27.42,27.25,27.39,27.23,27.17,27.12,27.31,27.20,26.93,27.09,26.87,27.09
25.84,26.22,26.22,26.28,26.44,26.55,26.38,26.79,27.09,26.60,27.23,27.23,27.44,28.45,30.56,35.39,40.85,42.56,40.17,33.52,29.53,28.01,27.69,27.47,27.17,27.25,27.42,27.12,27.31,26.90,26.87,27.23,26.90,27.06,26.90,26.95,26.87,27.01,26.74,26.52
26.14,26.33,26.25,25.98,26.38,26.47,26.71,26.49,26.93,26.71,26.85,27.09,27.36,28.45,30.67,35.85,41.34,42.45,39.65,33.47,29.42,27.74,27.44,27.36,27.28,27.47,27.06,27.14,27.09,27.12,27.09,27.17,26.98,26.79,27.04,27.01,26.68,26.95,26.76,26.55
26.14,26.11,26.25,26.28,26.47,26.19,26.47,26.76,26.85,26.98,26.87,27.23,27.09,28.42,30.73,35.99,41.17,42.23,39.14,33.20,29.07,28.01,27.33,27.31,27.23,27.20,27.14,27.17,27.25,27.17,27.09,27.20,27.04,26.85,26.87,27.09,26.79,26.79,26.49,26.74
26.00,26.06,26.11,26.14,26.09,26.22,26.22,26.55,26.79,26.87,27.01,26.98,27.47,28.26,30.62,36.02,41.04,41.55,38.79,32.71,28.96,27.42,27.17,27.23,27.23,26.95,26.95,27.09,27.17,26.87,26.76,26.95,26.87,26.87,26.79,26.55,26.63,26.52,26.55,26.52
26.22,26.00,26.28,26.30,26.03,26.38,26.33,26.66,26.95,26.74,26.87,27.23,27.42,28.42,30.83,36.04,41.01,41.34,38.32,32.25,28.96,27.71,27.50,27.36,27.01,27.28,27.31,26.90,27.23,26.74,26.74,26.90,26.68,26.76,26.63,26.74,26.49,26.82,26.68,26.57
26.19,26.17,26.25,26.28,26.52,26.74,26.57,26.74,26.66,26.95,26.52,27.23,27.69,28.36,31.35,36.26,40.82,41.42,37.75,31.70,28.66,27.71,27.33,27.50,27.39,27.28,27.12,27.12,27.23,27.20,27.04,27.14,26.82,26.68,26.93,26.85,26.57,26.63,26.41,26.38
26.14,26.41,26.30,26.25,26.17,26.57,26.71,26.52,26.57,26.79,26.98,27.28,27.36,28.36,31.13,35.96,40.66,40.98,37.24,31.51,28.77,27.50,27.36,27.36,27.42,26.98,27.06,27.09,26.98,26.82,27.09,26.66,26.71,26.49,26.55,26.28,26.49,26.60,26.38,26.14
26.11,26.09,26.09,26.03,26.03,26.52,26.28,26.44,26.63,26.79,26.63,26.93,27.28,28.07,30.83,36.04,40.69,40.63,36.86,31.05,28.55,27.28,27.33,27.36,27.17,26.95,26.95,26.95,26.74,26.68,26.74,26.60,26.36,26.38,26.28,26.11,26.25,26.30,26.30,25.98
26.06,26.22,26.30,26.41,26.41,26.49,26.44,26.74,26.85,26.87,26.93,27.17,27.23,28.39,31.16,36.18,40.58,40.20,36.51,30.92,28.61,27.47,27.20,27.39,27.09,27.01,27.20,27.06,26.82,26.79,26.66,26.63,26.52,26.36,26.60,26.36,26.25,26.38,26.28,26.06
25.81,26.00,26.19,26.25,26.09,26.30,26.55,26.33,26.66,26.71,26.71,26.87,27.44,28.39,30.92,35.85,40.12,40.01,35.96,30.64,28.12,27.25,27.25,27.23,27.14,27.04,26.76,26.76,26.82,26.47,26.49,26.55,26.06,26.28,26.38,26.19,26.22,26.19,26.11,26.03
26.09,26.17,26.19,26.25,26.14,26.25,26.44,26.47,26.47,26.63,26.63,26.76,27.28,27.99,30.75,35.64,39.93,39.93,35.75,30.37,27.88,27.28,27.20,26.76,26.71,26.82,26.60,26.68,26.60,26.49,26.47,26.06,26.00,26.30,26.22,26.41,26.06,25.98,26.09,25.76
26.11,25.92,26.19,25.95,26.33,26.25,26.47,26.55,26.68,26.71,26.66,26.93,27.23,27.88,30.64,35.77,39.79,39.76,35.28,29.97,27.74,27.23,27.09,26.79,26.71,26.63,26.71,26.55,26.76,26.33,26.25,26.09,26.25,26.28,26.11,26.17,25.92,26.00,25.95,25.79
26.03,25.92,25.92,26.25,26.14,26.22,26.41,26.55,26.49,26.28,26.28,26.82,27.06,28.01,30.48,35.42,39.46,39.27,35.07,29.59,27.42,26.76,26.76,26.68,26.71,26.66,26.28,26.36,26.22,26.09,26.25,26.17,26.11,25.90,25.68,25.84,25.76,25.81,25.90,25.73
