32.033333,32.044445,32.122223,32.11111,32.166668,32.211113,32.366665,32.422222,32.422222,32.466667,32.422222,32.744446,32.922222,33.866665,36.18889,39.933334,42.288887,41.91111,39.044445,35.31111,33.61111,32.944443,33.0,33.02222,32.966667,32.88889,32.766666,32.744446,32.855556,32.8,33.02222,33.455555,34.466667,36.255554,38.066666,39.02222,38.88889,37.677776,35.788887,33.988888
31.966667,31.966667,32.055557,32.077778,32.22222,32.18889,32.355556,32.47778,32.422222,32.488888,32.52222,32.68889,32.922222,33.744446,36.2,39.877777,42.1,41.91111,39.044445,35.4,33.622223,33.066666,33.0,32.877777,32.97778,32.966667,32.97778,32.922222,32.933334,33.0,33.344444,34.58889,36.27778,38.133335,39.122223,39.2,38.144444,36.2,34.144444,33.155556
32.1,32.122223,32.066666,32.155556,32.211113,32.322224,32.18889,32.355556,32.355556,32.533333,32.577778,32.633335,32.88889,33.733334,36.1,39.711113,41.988888,41.744446,39.044445,35.444443,33.744446,33.166668,33.044445,32.866665,32.955555,32.933334,32.955555,33.02222,33.1,33.488888,34.511112,36.211113,38.08889,39.288887,39.455555,38.377777,36.41111,34.333332,33.155556,32.72222
31.866667,31.98889,32.18889,32.244446,32.22222,32.266666,32.344444,32.422222,32.433334,32.555557,32.644444,32.788887,33.0,33.788887,36.02222,39.5,41.822224,41.633335,39.0,35.511112,33.68889,33.2,33.055557,33.055557,33.02222,33.066666,33.077778,33.077778,33.488888,34.444443,36.333332,38.122223,39.344444,39.511112,38.58889,36.622223,34.566666,33.31111,32.855556,32.622223
31.966667,32.02222,32.18889,32.177776,32.144444,32.366665,32.355556,32.5,32.5,32.555557,32.488888,32.72222,32.866665,33.766666,35.877777,39.355556,41.711113,41.544445,39.011112,35.555557,33.788887,33.133335,33.055557,33.077778,33.055557,33.11111,33.211113,33.6,34.533333,36.266666,38.322224,39.577778,39.77778,38.788887,36.877777,34.644444,33.322224,32.966667,32.733334,32.5
31.966667,32.0,32.077778,32.11111,32.122223,32.377777,32.377777,32.377777,32.422222,32.52222,32.644444,32.855556,33.044445,33.677776,35.8,39.233334,41.544445,41.433334,38.91111,35.566666,33.833332,33.18889,33.166668,32.97778,33.122223,33.244446,33.58889,34.666668,36.4,38.344444,39.744446,40.044445,39.133335,37.055557,34.833332,33.355556,32.855556,32.733334,32.6,32.533333
31.9,31.944445,32.08889,32.133335,32.18889,32.22222,32.266666,32.38889,32.422222,32.544445,32.6,32.72222,32.988888,33.677776,35.644444,38.97778,41.466667,41.333332,38.877777,35.577778,33.744446,33.233334,33.166668,33.18889,33.288887,33.755554,34.72222,36.555557,38.6,39.844444,40.366665,39.433334,37.366665,35.044445,33.41111,32.755554,32.755554,32.533333,32.633335,32.466667
31.955555,32.033333,32.011112,32.11111,32.233334,32.3,32.322224,32.377777,32.5,32.555557,32.533333,32.766666,33.055557,33.61111,35.58889,38.966667,41.18889,41.333332,38.9,35.533333,33.755554,33.18889,33.18889,33.4,33.711113,34.788887,36.455555,38.711113,40.077778,40.58889,39.788887,37.855556,35.177776,33.666668,32.955555,32.81111,32.622223,32.533333,32.488888,32.488888
31.866667,31.944445,32.02222,32.02222,32.133335,32.155556,32.266666,32.4,32.455555,32.555557,32.655556,32.81111,32.91111,33.58889,35.455555,38.677776,41.077778,41.177776,38.855556,35.47778,33.744446,33.266666,33.433334,33.72222,34.655556,36.666668,38.766666,40.288887,40.77778,40.044445,38.133335,35.511112,33.711113,33.02222,32.755554,32.577778,32.533333,32.52222,32.47778,32.377777
31.955555,31.955555,32.08889,32.155556,32.233334,32.18889,32.31111,32.5,32.466667,32.566666,32.577778,32.72222,32.9,33.555557,35.41111,38.644444,41.08889,41.133335,38.91111,35.622223,33.922222,33.377777,33.733334,34.788887,36.633335,38.88889,40.533333,41.133335,40.466667,38.444443,35.788887,33.955555,33.08889,32.788887,32.633335,32.622223,32.533333,32.455555,32.377777,32.38889
31.877777,32.044445,32.044445,32.166668,32.344444,32.244446,32.333332,32.4,32.47778,32.566666,32.622223,32.711113,32.955555,33.68889,35.288887,38.533333,40.91111,41.144444,38.933334,35.8,34.133335,34.044445,34.922222,36.711113,39.02222,40.744446,41.4,40.844444,38.8,36.144444,34.166668,33.233334,32.877777,32.633335,32.6,32.61111,32.47778,32.47778,32.366665,32.41111
31.788889,32.02222,32.02222,32.055557,32.144444,32.244446,32.255554,32.333332,32.555557,32.466667,32.644444,32.833332,32.955555,33.533333,35.288887,38.4,40.855556,41.155556,38.988888,36.0,34.566666,34.988888,36.72222,39.055557,40.955555,41.788887,41.233334,39.155556,36.422222,34.266666,33.166668,32.833332,32.655556,32.577778,32.47778,32.47778,32.444443,32.433334,32.333332,32.244446
31.833334,31.944445,32.055557,32.055557,32.155556,32.211113,32.322224,32.41111,32.566666,32.533333,32.677776,32.877777,33.1,33.666668,35.3,38.3,40.711113,41.1,39.144444,36.344444,35.533333,36.833332,39.18889,41.08889,41.966667,41.68889,39.755554,36.733334,34.366665,33.31111,32.9,32.8,32.7,32.577778,32.555557,32.488888,32.41111,32.52222,32.422222,32.22222
31.844444,31.88889,32.0,32.033333,32.122223,32.2,32.377777,32.455555,32.6,32.655556,32.711113,33.011112,33.211113,33.58889,35.166668,38.077778,40.433334,41.144444,39.455555,37.2,37.27778,39.133335,41.122223,42.27778,42.08889,40.266666,37.155556,34.755554,33.41111,32.844444,32.81111,32.655556,32.555557,32.41111,32.466667,32.466667,32.422222,32.322224,32.244446,32.255554
31.9,31.955555,32.133335,32.11111,32.066666,32.233334,32.4,32.47778,32.58889,32.77778,33.011112,33.322224,33.533333,33.9,35.244446,37.833332,39.922222,40.988888,39.922222,38.47778,39.211113,40.944443,42.5,42.566666,40.822224,37.72222,34.966667,33.633335,33.033333,32.8,32.744446,32.744446,32.577778,32.544445,32.511112,32.488888,32.377777,32.266666,32.18889,32.18889
31.88889,31.833334,32.011112,32.077778,32.155556,32.177776,32.244446,32.47778,32.744446,32.88889,33.27778,33.822224,34.122223,34.466667,35.544445,37.566666,39.47778,40.622223,40.422222,39.855556,40.677776,42.133335,42.855556,41.366665,38.255554,35.344444,33.655556,33.233334,32.844444,32.77778,32.633335,32.61111,32.511112,32.455555,32.41111,32.344444,32.344444,32.244446,32.18889,32.244446
32.011112,31.977777,31.955555,32.133335,32.211113,32.266666,32.38889,32.544445,32.655556,32.9,33.3,33.955555,34.444443,35.166668,36.233334,38.033333,39.41111,40.344444,40.822224,41.11111,42.0,42.7,42.166668,39.133335,35.822224,33.988888,33.166668,33.033333,32.788887,32.711113,32.533333,32.52222,32.455555,32.4,32.455555,32.422222,32.322224,32.18889,32.166668,32.177776
31.855556,31.911112,32.0,32.055557,32.155556,32.27778,32.41111,32.6,32.677776,32.844444,33.133335,33.77778,34.31111,35.066666,36.155556,37.833332,39.322224,40.288887,41.033333,41.711113,42.466667,42.755554,40.833332,37.166668,34.666668,33.566666,33.11111,33.1,32.844444,32.655556,32.622223,32.511112,32.47778,32.488888,32.333332,32.38889,32.22222,32.255554,32.18889,32.11111
31.822222,31.98889,32.0,32.066666,32.066666,32.366665,32.41111,32.544445,32.744446,32.77778,32.88889,33.255554,33.72222,34.233334,35.066666,35.97778,37.08889,38.288887,39.72222,41.18889,42.41111,42.533333,40.7,37.166668,34.433334,33.366665,33.055557,32.922222,32.88889,32.733334,32.622223,32.433334,32.366665,32.41111,32.322224,32.333332,32.244446,32.22222,32.22222,32.155556
31.855556,31.833334,31.977777,32.033333,32.133335,32.31111,32.355556,32.52222,32.644444,32.7,32.77778,32.933334,33.211113,33.5,33.933334,34.38889,35.044445,36.02222,37.488888,39.47778,41.366665,42.08889,40.511112,36.955555,34.38889,33.366665,33.0,33.02222,32.833332,32.677776,32.61111,32.422222,32.322224,32.288887,32.266666,32.333332,32.233334,32.08889,32.155556,31.98889
31.844444,31.822222,31.944445,32.055557,32.166668,32.288887,32.38889,32.47778,32.666668,32.555557,32.68889,32.755554,33.0,33.166668,33.355556,33.622223,33.97778,34.58889,35.61111,37.233334,39.377777,40.655556,39.322224,36.08889,34.0,33.233334,32.988888,32.91111,32.8,32.533333,32.488888,32.422222,32.355556,32.355556,32.288887,32.2,32.122223,32.177776,32.077778,32.08889
31.8,31.855556,31.944445,32.02222,32.2,32.255554,32.433334,32.555557,32.6,32.566666,32.622223,32.744446,32.88889,33.077778,33.27778,33.41111,33.555557,33.955555,34.5,35.466667,36.933334,37.844444,36.955555,34.922222,33.577778,33.1,32.933334,32.788887,32.72222,32.677776,32.47778,32.52222,32.22222,32.38889,32.266666,32.18889,32.211113,32.066666,32.08889,32.133335
31.811111,31.9,31.922222,32.155556,32.2,32.355556,32.3,32.488888,32.566666,32.533333,32.58889,32.744446,32.733334,33.0,33.08889,33.344444,33.333332,33.52222,33.766666,34.22222,34.9,34.91111,34.566666,33.788887,33.255554,32.91111,32.77778,32.877777,32.68889,32.644444,32.47778,32.366665,32.244446,32.322224,32.288887,32.244446,32.18889,32.1,32.077778,32.066666
31.833334,31.9,31.977777,32.033333,32.1,32.255554,32.31111,32.455555,32.655556,32.555557,32.6,32.766666,32.844444,32.944443,33.066666,33.22222,33.266666,33.288887,33.488888,33.633335,33.844444,33.72222,33.455555,33.22222,33.02222,32.922222,32.788887,32.711113,32.755554,32.6,32.466667,32.4,32.233334,32.288887,32.18889,32.122223,32.166668,32.055557,32.02222,32.044445
31.766666,31.88889,31.944445,32.055557,32.08889,32.31111,32.377777,32.488888,32.533333,32.52222,32.52222,32.622223,32.766666,32.877777,32.966667,33.133335,33.166668,33.22222,33.266666,33.266666,33.344444,33.3,33.18889,32.944443,32.97778,32.844444,32.7,32.744446,32.58889,32.455555,32.466667,32.4,32.211113,32.244446,32.2,32.155556,32.18889,32.044445,32.066666,32.044445
31.722221,31.633333,31.877777,32.033333,32.044445,32.122223,32.31111,32.422222,32.333332,32.366665,32.544445,32.511112,32.68889,32.711113,32.944443,33.11111,33.11111,33.08889,33.177776,33.055557,33.144444,33.077778,32.966667,32.933334,32.833332,32.68889,32.655556,32.633335,32.555557,32.52222,32.377777,32.244446,32.266666,32.177776,32.144444,32.055557,32.0,32.11111,31.944445,31.855556
31.666666,31.833334,31.866667,31.911112,31.9,32.144444,32.3,32.466667,32.47778,32.433334,32.511112,32.577778,32.644444,32.711113,32.866665,33.02222,32.877777,32.944443,33.0,33.044445,33.033333,32.866665,32.822224,32.81111,32.844444,32.711113,32.655556,32.655556,32.555557,32.433334,32.4,32.288887,32.155556,32.144444,32.11111,32.08889,31.977777,32.1,32.044445,31.966667
31.755556,31.744444,31.8,31.944445,31.98889,32.144444,32.22222,32.344444,32.488888,32.466667,32.511112,32.555557,32.711113,32.68889,32.677776,32.91111,32.922222,32.922222,32.866665,32.966667,32.9,32.9,32.844444,32.81111,32.755554,32.788887,32.61111,32.655556,32.47778,32.41111,32.333332,32.22222,31.98889,32.155556,32.177776,32.033333,32.011112,32.0,31.98889,31.955555
31.711111,31.777779,31.88889,31.833334,31.98889,32.08889,32.211113,32.38889,32.47778,32.455555,32.5,32.5,32.61111,32.666668,32.788887,32.866665,32.81111,32.833332,32.866665,32.9,32.877777,32.8,32.677776,32.788887,32.711113,32.744446,32.7,32.622223,32.433334,32.38889,32.18889,32.18889,32.122223,32.155556,31.98889,32.055557,31.933332,31.922222,31.98889,31.88889
31.633333,31.633333,31.777779,31.955555,32.011112,32.1,32.18889,32.255554,32.38889,32.377777,32.422222,32.444443,32.455555,32.488888,32.633335,32.733334,32.844444,32.766666,32.822224,32.666668,32.68889,32.733334,32.711113,32.7,32.72222,32.644444,32.533333,32.52222,32.41111,32.377777,32.266666,32.2,31.966667,32.066666,32.044445,32.011112,31.98889,32.011112,32.011112,31.98889
31.655556,31.766666,31.722221,31.866667,32.033333,31.977777,32.08889,32.18889,32.22222,32.366665,32.22222,32.355556,32.433334,32.455555,32.644444,32.622223,32.6,32.68889,32.58889,32.644444,32.711113,32.577778,32.622223,32.577778,32.644444,32.7,32.52222,32.455555,32.41111,32.244446,32.27778,32.144444,31.922222,32.011112,32.033333,31.922222,31.944445,31.955555,31.977777,31.833334
31.666666,31.722221,31.855556,31.88889,31.866667,31.98889,32.033333,32.066666,32.288887,32.166668,32.31111,32.4,32.466667,32.47778,32.555557,32.555557,32.68889,32.633335,32.5,32.41111,32.566666,32.555557,32.577778,32.655556,32.61111,32.577778,32.38889,32.38889,32.27778,32.211113,32.122223,32.144444,31.944445,32.02222,31.98889,31.88889,31.733334,31.9,31.911112,31.944445
31.666666,31.622223,31.788889,31.833334,31.8,31.866667,32.077778,32.011112,32.122223,32.266666,32.166668,32.255554,32.344444,32.444443,32.444443,32.555557,32.488888,32.47778,32.433334,32.4,32.577778,32.577778,32.6,32.6,32.488888,32.422222,32.366665,32.233334,32.255554,32.133335,32.02222,32.033333,31.866667,32.02222,31.911112,31.88889,31.811111,31.866667,31.922222,31.822222
31.588888,31.877777,31.766666,31.766666,31.88889,31.811111,31.933332,32.02222,32.22222,32.144444,32.177776,32.266666,32.27778,32.422222,32.466667,32.488888,32.38889,32.41111,32.377777,32.377777,32.488888,32.555557,32.377777,32.488888,32.38889,32.38889,32.366665,32.27778,32.2,32.11111,32.033333,32.0,31.866667,32.02222,31.88889,31.911112,31.944445,31.9,31.844444,31.9
31.6,31.722221,31.711111,31.811111,31.777779,31.833334,31.844444,31.955555,31.966667,32.11111,32.055557,32.066666,32.2,32.233334,32.333332,32.4,32.233334,32.333332,32.322224,32.31111,32.422222,32.31111,32.47778,32.41111,32.233334,32.27778,32.255554,32.08889,32.011112,32.08889,31.98889,31.955555,31.844444,31.88889,31.8,31.744444,31.8,31.866667,31.822222,31.811111
31.61111,31.788889,31.811111,31.755556,31.8,31.811111,31.833334,31.933332,31.9,31.88889,31.955555,31.98889,32.1,32.144444,32.177776,32.377777,32.244446,32.344444,32.3,32.266666,32.344444,32.177776,32.344444,32.22222,32.22222,32.18889,32.133335,32.166668,31.933332,31.977777,32.0,31.88889,31.855556,31.98889,31.833334,31.877777,31.877777,31.822222,31.833334,31.88889
31.5,31.644444,31.733334,31.688889,31.7,31.7,31.7,31.744444,31.844444,31.744444,31.88889,31.833334,31.844444,31.933332,31.977777,32.122223,32.066666,32.11111,32.11111,32.011112,32.166668,32.122223,32.133335,32.144444,32.033333,31.98889,31.98889,31.944445,31.88889,31.833334,31.766666,31.833334,31.722221,31.788889,31.722221,31.844444,31.777779,31.744444,31.9,31.788889
31.566668,31.6,31.688889,31.666666,31.622223,31.666666,31.722221,31.688889,31.777779,31.644444,31.755556,31.788889,31.933332,31.911112,31.9,31.966667,31.966667,31.833334,32.011112,31.966667,31.98889,31.98889,31.977777,32.0,31.966667,31.98889,32.0,31.833334,31.833334,31.677778,31.844444,31.766666,31.7,31.766666,31.6,31.811111,31.711111,31.7,31.722221,31.8
31.6,31.577778,31.666666,31.733334,31.577778,31.633333,31.755556,31.766666,31.822222,31.7,31.688889,31.766666,31.8,31.755556,31.877777,31.9,31.866667,31.955555,31.855556,31.955555,32.0,31.966667,31.944445,31.966667,31.833334,32.0,31.911112,31.755556,31.822222,31.88889,31.788889,31.711111,31.711111,31.722221,31.666666,31.811111,31.8,31.777779,31.866667,31.788889
31.655556,31.61111,31.677778,31.733334,31.7,31.6,31.677778,31.7,31.833334,31.755556,31.755556,31.744444,31.766666,31.8,31.8,31.8,31.788889,31.9,31.911112,31.88889,31.9,31.9,31.911112,31.877777,31.88889,31.911112,31.8,31.855556,31.855556,31.766666,31.7,31.766666,31.655556,31.688889,31.7,31.733334,31.88889,31.944445,31.8,31.855556
