25.73,25.9,25.81,25.76,25.84,25.68,25.9,26.11,26.17,26.25,26.09,26.22,26.36,26.28,26.66,26.71,26.68,26.76,26.76,27.42,29.59,35.07,39.27,39.46,35.42,30.48,28.01,27.06,26.82,26.28,26.28,26.49,26.55,26.41,26.22,26.14,26.25,25.92,25.92,26.03
25.79,25.95,26.0,25.92,26.17,26.11,26.28,26.25,26.09,26.25,26.33,26.76,26.55,26.71,26.63,26.71,26.79,27.09,27.23,27.74,29.97,35.28,39.76,39.79,35.77,30.64,27.88,27.23,26.93,26.66,26.71,26.68,26.55,26.47,26.25,26.33,25.95,26.19,25.92,26.11
25.76,26.09,25.98,26.06,26.41,26.22,26.3,26.0,26.06,26.47,26.49,26.6,26.68,26.6,26.82,26.71,26.76,27.2,27.28,27.88,30.37,35.75,39.93,39.93,35.64,30.75,27.99,27.28,26.76,26.63,26.63,26.47,26.47,26.44,26.25,26.14,26.25,26.19,26.17,26.09
26.03,26.11,26.19,26.22,26.19,26.38,26.28,26.06,26.55,26.49,26.47,26.82,26.76,26.76,27.04,27.14,27.23,27.25,27.25,28.12,30.64,35.96,40.01,40.12,35.85,30.92,28.39,27.44,26.87,26.71,26.71,26.66,26.33,26.55,26.3,26.09,26.25,26.19,26.0,25.81
26.06,26.28,26.38,26.25,26.36,26.6,26.36,26.52,26.63,26.66,26.79,26.82,27.06,27.2,27.01,27.09,27.39,27.2,27.47,28.61,30.92,36.51,40.2,40.58,36.18,31.16,28.39,27.23,27.17,26.93,26.87,26.85,26.74,26.44,26.49,26.41,26.41,26.3,26.22,26.06
25.98,26.3,26.3,26.25,26.11,26.28,26.38,26.36,26.6,26.74,26.68,26.74,26.95,26.95,26.95,27.17,27.36,27.33,27.28,28.55,31.05,36.86,40.63,40.69,36.04,30.83,28.07,27.28,26.93,26.63,26.79,26.63,26.44,26.28,26.52,26.03,26.03,26.09,26.09,26.11
26.14,26.38,26.6,26.49,26.28,26.55,26.49,26.71,26.66,27.09,26.82,26.98,27.09,27.06,26.98,27.42,27.36,27.36,27.5,28.77,31.51,37.24,40.98,40.66,35.96,31.13,28.36,27.36,27.28,26.98,26.79,26.57,26.52,26.71,26.57,26.17,26.25,26.3,26.41,26.14
26.38,26.41,26.63,26.57,26.85,26.93,26.68,26.82,27.14,27.04,27.2,27.23,27.12,27.12,27.28,27.39,27.5,27.33,27.71,28.66,31.7,37.75,41.42,40.82,36.26,31.35,28.36,27.69,27.23,26.52,26.95,26.66,26.74,26.57,26.74,26.52,26.28,26.25,26.17,26.19
26.57,26.68,26.82,26.49,26.74,26.63,26.76,26.68,26.9,26.74,26.74,27.23,26.9,27.31,27.28,27.01,27.36,27.5,27.71,28.96,32.25,38.32,41.34,41.01,36.04,30.83,28.42,27.42,27.23,26.87,26.74,26.95,26.66,26.33,26.38,26.03,26.3,26.28,26.0,26.22
26.52,26.55,26.52,26.63,26.55,26.79,26.87,26.87,26.95,26.76,26.87,27.17,27.09,26.95,26.95,27.23,27.23,27.17,27.42,28.96,32.71,38.79,41.55,41.04,36.02,30.62,28.26,27.47,26.98,27.01,26.87,26.79,26.55,26.22,26.22,26.09,26.14,26.11,26.06,26.0
26.74,26.49,26.79,26.79,27.09,26.87,26.85,27.04,27.2,27.09,27.17,27.25,27.17,27.14,27.2,27.23,27.31,27.33,28.01,29.07,33.2,39.14,42.23,41.17,35.99,30.73,28.42,27.09,27.23,26.87,26.98,26.85,26.76,26.47,26.19,26.47,26.28,26.25,26.11,26.14
26.55,26.76,26.95,26.68,27.01,27.04,26.79,26.98,27.17,27.09,27.12,27.09,27.14,27.06,27.47,27.28,27.36,27.44,27.74,29.42,33.47,39.65,42.45,41.34,35.85,30.67,28.45,27.36,27.09,26.85,26.71,26.93,26.49,26.71,26.47,26.38,25.98,26.25,26.33,26.14
26.52,26.74,27.01,26.87,26.95,26.9,27.06,26.9,27.23,26.87,26.9,27.31,27.12,27.42,27.25,27.17,27.47,27.69,28.01,29.53,33.52,40.17,42.56,40.85,35.39,30.56,28.45,27.44,27.23,27.23,26.6,27.09,26.79,26.38,26.55,26.44,26.28,26.22,26.22,25.84
27.09,26.87,27.09,26.93,27.2,27.31,27.12,27.17,27.23,27.39,27.25,27.42,27.31,27.33,27.55,27.42,27.69,28.07,28.66,30.4,34.5,40.5,42.37,39.98,35.09,30.24,28.26,27.69,27.33,26.95,27.04,26.93,26.98,26.76,26.38,26.38,26.41,26.19,26.28,26.17
27.5,27.47,27.33,27.36,27.61,27.36,27.55,27.42,27.42,27.36,27.44,27.52,27.63,27.8,27.66,27.77,28.28,28.55,29.5,31.54,35.85,41.34,41.72,38.43,33.44,29.88,28.39,27.63,27.63,27.09,26.93,26.85,26.55,26.71,26.71,26.55,26.52,26.52,26.19,26.14
28.47,28.61,28.53,28.47,28.42,28.26,28.28,28.01,28.28,28.26,28.01,28.15,28.26,28.42,28.23,28.42,28.93,29.72,31.13,34.53,38.24,41.88,40.63,36.15,32.16,29.5,28.55,27.96,27.63,27.33,27.36,26.93,26.79,26.79,26.57,26.55,26.3,26.19,26.57,26.09
32.14,31.76,31.43,31.35,31.16,30.92,30.7,30.54,30.4,30.26,30.24,30.16,30.18,30.02,30.26,30.16,30.67,31.49,34.2,37.94,40.6,42.34,39.68,34.5,31.16,29.29,28.07,27.77,27.61,27.5,27.12,27.33,26.76,26.74,26.63,26.47,26.38,26.3,26.17,26.19
38.62,38.0,37.65,37.27,36.89,36.45,36.23,36.04,35.53,35.07,35.23,34.91,34.91,34.82,34.63,34.69,34.77,35.28,37.51,40.66,42.07,42.45,38.16,33.44,30.4,29.12,28.26,28.04,27.71,27.69,27.42,27.17,27.14,26.98,26.74,26.63,26.47,26.49,26.44,26.28
43.59,43.32,43.43,42.96,42.77,42.45,42.12,41.99,41.39,41.31,41.15,41.15,40.9,40.47,40.39,40.55,40.63,40.79,41.36,41.91,42.01,41.09,36.4,32.35,29.59,28.99,28.23,27.99,27.74,27.61,27.39,27.25,26.95,26.95,26.76,26.49,26.49,26.6,26.33,26.36
45.0,44.95,44.76,44.57,44.46,44.27,43.91,43.89,43.67,43.48,43.51,43.56,43.51,43.43,43.37,43.48,43.37,43.24,42.67,41.66,40.93,39.84,34.88,31.27,29.48,28.8,28.23,28.07,27.93,27.66,27.55,27.31,26.95,26.82,26.66,26.52,26.36,26.41,26.41,26.33
41.53,41.55,41.74,41.23,41.28,41.09,41.01,41.12,40.74,41.09,41.09,41.26,41.23,41.31,41.15,41.23,41.17,40.9,39.55,38.84,39.3,38.32,33.49,30.54,28.85,28.47,28.26,28.2,27.69,27.58,27.61,27.33,26.74,26.66,26.57,26.71,26.33,26.36,26.22,26.28
35.34,34.93,35.18,35.01,35.01,35.07,35.07,34.88,34.99,34.96,34.96,35.28,35.39,35.64,35.69,35.39,35.75,35.34,34.88,35.39,36.64,35.75,32.11,30.1,29.1,28.72,28.18,28.12,27.99,27.61,27.44,27.55,27.17,26.93,26.95,26.55,26.44,26.47,26.41,26.41
30.29,30.4,30.43,30.45,30.29,30.43,30.29,30.26,30.45,30.59,30.64,30.56,30.86,30.7,31.27,31.27,31.21,31.21,31.35,32.16,32.68,32.3,30.75,29.59,29.1,28.61,28.64,28.07,27.96,27.69,27.52,27.5,27.12,27.04,27.04,26.74,26.6,26.49,26.28,26.25
28.23,28.09,28.12,27.88,28.04,28.18,28.39,28.04,28.23,28.5,28.15,28.47,28.77,28.72,28.99,29.07,29.34,29.5,29.42,30.1,30.4,30.26,29.34,29.18,28.93,28.53,28.28,28.15,27.99,27.71,27.58,27.42,27.04,26.9,26.85,26.6,26.36,26.6,26.33,26.25
27.31,27.52,27.42,27.31,27.58,27.47,27.39,27.5,27.61,27.47,27.88,27.88,27.96,28.07,28.23,28.36,28.31,28.55,28.61,29.07,28.96,29.1,28.96,28.69,28.53,28.36,28.07,28.01,27.77,27.52,27.42,27.17,26.93,26.95,26.68,26.52,26.33,26.55,26.11,26.28
27.09,27.12,27.25,27.23,27.31,27.25,27.28,27.39,27.36,27.33,27.66,27.66,28.15,27.77,28.12,28.34,28.31,28.42,28.53,28.58,28.74,28.74,28.74,28.39,28.26,28.31,28.12,27.96,27.88,27.74,27.39,27.25,26.82,26.66,26.52,26.55,26.49,26.47,26.22,26.06
27.09,27.23,27.01,27.06,27.17,27.2,27.33,26.87,27.44,27.17,27.39,27.63,28.01,27.9,27.99,28.2,28.09,28.23,28.39,28.39,28.45,28.5,28.45,28.45,28.23,28.15,28.12,27.93,27.88,27.44,27.31,27.23,26.93,26.55,26.47,26.47,26.28,26.28,26.3,26.11
27.04,26.9,27.2,27.04,27.04,27.14,27.12,26.98,27.23,27.42,27.33,27.47,27.63,27.74,28.01,27.99,28.07,28.09,28.18,28.28,28.09,28.42,28.09,28.2,28.04,27.85,27.69,27.71,27.66,27.42,27.17,27.33,27.01,26.71,26.55,26.44,26.17,26.36,26.22,26.19
26.57,26.95,26.74,26.98,27.17,27.09,27.09,27.06,27.01,27.17,27.25,27.33,27.69,27.8,27.85,28.04,28.09,27.88,28.04,28.15,28.18,28.36,28.07,28.04,27.85,28.12,27.71,27.88,27.39,27.33,27.12,27.14,26.87,26.71,26.33,26.3,26.3,26.28,26.33,26.22
26.76,27.01,26.68,26.87,26.98,26.85,26.98,26.68,27.06,27.33,27.25,27.28,27.61,27.44,27.66,27.9,28.01,27.9,28.2,27.88,27.99,28.2,27.93,27.9,27.58,27.93,27.39,27.44,27.31,27.14,26.98,26.93,26.55,26.38,26.38,26.3,26.0,26.22,26.06,26.0
26.49,26.63,26.76,26.9,26.52,26.79,26.79,26.9,26.98,27.14,27.09,27.5,27.28,27.44,27.55,27.85,27.58,27.66,27.93,27.82,27.96,28.04,27.74,27.58,27.36,27.77,27.17,27.39,27.2,26.85,26.87,26.63,26.55,26.44,26.33,26.33,26.25,26.28,25.9,26.36
26.28,26.63,26.57,26.57,26.47,26.79,26.87,26.63,26.87,26.95,26.95,26.79,27.2,27.17,27.42,27.58,27.44,27.5,27.47,27.5,27.25,27.63,27.69,27.71,27.39,27.42,26.9,27.17,26.68,26.74,26.68,26.49,26.41,26.0,26.33,26.14,25.98,26.0,26.06,26.11
26.36,26.74,26.76,26.66,26.57,26.44,26.76,26.63,26.74,26.82,26.95,27.09,27.01,26.93,27.28,27.61,27.33,27.17,27.25,27.42,27.25,27.23,27.63,27.47,27.31,27.23,27.17,26.98,26.9,26.38,26.66,26.55,26.25,26.47,26.11,26.22,26.0,26.03,26.0,26.0
26.41,26.63,26.87,26.52,26.68,26.57,26.63,26.63,26.95,26.49,26.74,26.98,27.28,27.04,26.9,27.42,27.25,27.2,27.42,27.23,27.06,27.47,27.39,27.01,26.95,27.09,26.87,26.76,26.63,26.36,26.47,26.41,26.33,26.3,26.0,26.22,26.09,26.0,26.25,26.3
26.11,26.17,26.66,26.38,26.36,26.3,26.6,26.49,26.3,26.6,26.87,26.76,26.93,26.76,26.76,26.93,26.93,27.04,26.82,27.28,26.68,27.17,26.87,26.74,26.87,26.95,26.47,26.55,26.41,26.14,26.03,25.9,25.92,25.84,25.9,25.79,25.79,25.92,26.0,25.92
26.41,26.3,26.17,26.36,26.41,26.22,26.57,26.19,26.19,26.33,26.25,26.47,26.57,26.63,26.63,26.63,26.95,26.47,26.63,26.68,26.79,26.87,26.71,26.68,26.55,26.49,26.44,26.44,26.09,25.87,25.87,26.17,25.81,25.73,26.0,25.76,25.79,25.87,25.95,25.98
26.11,26.57,26.57,26.41,26.41,26.3,26.17,25.87,26.49,26.28,26.28,26.41,26.41,26.55,26.47,26.44,26.74,26.3,26.44,26.38,26.47,26.49,26.38,26.41,26.28,26.25,25.84,26.11,26.0,25.71,25.81,25.79,25.49,25.38,25.65,25.76,25.57,25.71,25.87,25.87
26.3,26.28,26.63,26.3,26.49,26.3,26.19,26.14,26.36,26.17,26.14,26.19,26.17,26.03,26.22,26.63,26.47,26.3,26.28,26.38,26.19,26.17,26.19,26.25,25.87,26.03,25.76,25.87,25.81,25.87,25.43,25.62,25.11,25.43,25.52,25.54,25.52,25.98,25.81,25.84
25.92,26.33,26.52,26.3,26.41,26.06,25.87,26.11,26.17,26.03,26.03,26.17,26.14,26.09,26.38,26.19,26.38,26.28,26.09,26.22,25.92,26.0,25.68,25.9,25.9,25.98,25.81,25.52,25.52,25.33,25.49,25.24,25.3,25.38,25.49,25.38,25.41,25.73,25.76,25.79
25.71,26.33,26.66,26.52,26.28,26.28,26.38,26.22,26.25,26.57,26.06,26.57,26.36,26.11,26.19,26.06,26.28,26.17,26.11,26.19,26.03,26.11,26.03,25.98,25.76,25.62,25.62,25.65,25.52,25.49,25.3,25.46,25.0,25.08,25.22,25.33,25.71,25.54,25.84,26.06
