Tensor1_Feature1,Tensor2_Feature1,Tensor3_Feature1,Tensor4_Feature1,Tensor5_Feature1
0.0,0.0,0.0,0.0,0.0
0.0,1.0,0.0,0.0,0.0
0.0,0.0,1.0,1.0,0.0
1.0,1.0,0.0,0.0,0.0
1.0,0.0,0.0,1.0,1.0
0.0,0.0,0.0,0.0,0.0
1.0,0.0,0.0,0.0,0.0
1.0,0.0,0.0,0.0,0.0
1.0,1.0,1.0,0.0,1.0
1.0,0.0,0.0,1.0,0.0
1.0,1.0,0.0,1.0,0.0
1.0,0.0,0.0,0.0,1.0
0.0,1.0,0.0,0.0,1.0
0.0,1.0,0.0,1.0,0.0
1.0,0.0,1.0,0.0,1.0
1.0,0.0,0.0,0.0,0.0
1.0,1.0,0.0,1.0,0.0
1.0,1.0,1.0,0.0,1.0
1.0,0.0,0.0,0.0,0.0
1.0,0.0,0.0,0.0,0.0
1.0,1.0,0.0,1.0,1.0
0.0,1.0,0.0,0.0,0.0
0.0,0.0,0.0,1.0,0.0
0.0,0.0,1.0,0.0,0.0
1.0,1.0,0.0,1.0,0.0
1.0,0.0,1.0,0.0,0.0
1.0,0.0,1.0,0.0,0.0
1.0,1.0,0.0,1.0,0.0
1.0,0.0,0.0,0.0,1.0
0.0,0.0,1.0,0.0,0.0
0.0,0.0,0.0,0.0,0.0
1.0,1.0,0.0,0.0,0.0
1.0,0.0,1.0,0.0,0.0
0.0,1.0,0.0,0.0,1.0
1.0,0.0,1.0,0.0,1.0
1.0,0.0,0.0,1.0,1.0
1.0,0.0,0.0,1.0,0.0
1.0,0.0,1.0,0.0,0.0
1.0,1.0,1.0,0.0,0.0
1.0,1.0,0.0,0.0,0.0
1.0,1.0,1.0,0.0,0.0
1.0,0.0,0.0,0.0,0.0
1.0,1.0,0.0,0.0,0.0
1.0,1.0,0.0,0.0,0.0
1.0,1.0,0.0,0.0,0.0
1.0,0.0,0.0,0.0,0.0
1.0,1.0,0.0,0.0,0.0
1.0,0.0,0.0,1.0,0.0
1.0,0.0,0.0,0.0,0.0
1.0,0.0,0.0,0.0,0.0
1.0,1.0,0.0,0.0,0.0
0.0,0.0,1.0,0.0,0.0
1.0,0.0,0.0,0.0,0.0
1.0,1.0,0.0,0.0,0.0
1.0,1.0,1.0,0.0,0.0
0.0,1.0,0.0,0.0,0.0
0.0,1.0,1.0,0.0,0.0
1.0,1.0,0.0,1.0,0.0
1.0,0.0,0.0,0.0,0.0
1.0,1.0,1.0,0.0,1.0
0.0,0.0,0.0,1.0,0.0
0.0,1.0,0.0,1.0,1.0
1.0,1.0,0.0,1.0,0.0
0.0,0.0,0.0,1.0,0.0
0.0,0.0,1.0,1.0,1.0
1.0,0.0,0.0,0.0,0.0
1.0,1.0,1.0,0.0,0.0
0.0,1.0,0.0,0.0,1.0
0.0,1.0,1.0,0.0,0.0
1.0,0.0,0.0,0.0,0.0
0.0,1.0,1.0,0.0,0.0
1.0,1.0,0.0,0.0,0.0
1.0,1.0,0.0,1.0,0.0
1.0,1.0,0.0,1.0,0.0
1.0,0.0,1.0,0.0,0.0
0.0,0.0,0.0,1.0,0.0
0.0,1.0,1.0,1.0,0.0
1.0,1.0,0.0,0.0,1.0
1.0,1.0,1.0,0.0,0.0
1.0,0.0,0.0,0.0,0.0
1.0,0.0,0.0,1.0,0.0
1.0,0.0,0.0,0.0,0.0
0.0,0.0,0.0,0.0,0.0
1.0,1.0,0.0,0.0,1.0
0.0,1.0,1.0,0.0,0.0
1.0,1.0,0.0,0.0,0.0
0.0,0.0,1.0,0.0,0.0
0.0,0.0,0.0,0.0,0.0
1.0,0.0,0.0,0.0,0.0
0.0,0.0,1.0,1.0,0.0
1.0,1.0,0.0,1.0,0.0
1.0,1.0,1.0,1.0,0.0
1.0,1.0,1.0,0.0,1.0
1.0,1.0,1.0,0.0,0.0
1.0,1.0,0.0,0.0,1.0
1.0,0.0,0.0,0.0,0.0
0.0,1.0,0.0,0.0,0.0
0.0,1.0,1.0,0.0,0.0
1.0,1.0,1.0,0.0,0.0
1.0,0.0,0.0,1.0,0.0
1.0,0.0,0.0,1.0,0.0
1.0,1.0,1.0,0.0,0.0
1.0,0.0,0.0,0.0,0.0
0.0,0.0,1.0,0.0,0.0
0.0,0.0,1.0,1.0,1.0
0.0,0.0,0.0,0.0,1.0
1.0,0.0,0.0,0.0,1.0
1.0,1.0,0.0,0.0,0.0
0.0,0.0,0.0,0.0,0.0
1.0,0.0,0.0,0.0,0.0
1.0,0.0,1.0,0.0,1.0
1.0,1.0,0.0,0.0,1.0
1.0,0.0,0.0,0.0,0.0
1.0,0.0,0.0,0.0,0.0
1.0,0.0,0.0,0.0,0.0
1.0,1.0,0.0,0.0,0.0
0.0,0.0,0.0,0.0,0.0
1.0,1.0,1.0,1.0,0.0
1.0,0.0,0.0,1.0,1.0
1.0,0.0,1.0,0.0,0.0
0.0,1.0,1.0,0.0,0.0
1.0,0.0,0.0,0.0,0.0
1.0,1.0,1.0,0.0,0.0
1.0,0.0,0.0,0.0,0.0
1.0,1.0,1.0,1.0,0.0
1.0,0.0,0.0,0.0,1.0
1.0,0.0,1.0,1.0,0.0
1.0,0.0,1.0,1.0,1.0
0.0,0.0,1.0,0.0,0.0
1.0,1.0,1.0,1.0,0.0
1.0,1.0,0.0,0.0,1.0
0.0,1.0,0.0,0.0,0.0
0.0,0.0,0.0,0.0,0.0
1.0,1.0,0.0,0.0,0.0
0.0,0.0,0.0,0.0,0.0
0.0,1.0,1.0,0.0,0.0
0.0,1.0,0.0,0.0,1.0
0.0,1.0,0.0,0.0,0.0
1.0,1.0,0.0,0.0,0.0
1.0,1.0,1.0,0.0,0.0
1.0,0.0,0.0,0.0,0.0
0.0,0.0,0.0,1.0,1.0
0.0,1.0,0.0,1.0,0.0
0.0,1.0,0.0,0.0,0.0
1.0,0.0,0.0,0.0,0.0
1.0,1.0,1.0,0.0,0.0
1.0,1.0,0.0,1.0,0.0
1.0,0.0,0.0,0.0,1.0
1.0,1.0,0.0,0.0,0.0
0.0,1.0,1.0,0.0,1.0
0.0,1.0,1.0,0.0,0.0
1.0,1.0,0.0,1.0,0.0
0.0,0.0,0.0,0.0,0.0
0.0,0.0,0.0,0.0,0.0
1.0,0.0,1.0,1.0,0.0
0.0,1.0,1.0,0.0,0.0
1.0,1.0,0.0,0.0,0.0
1.0,1.0,0.0,0.0,0.0
1.0,1.0,1.0,0.0,0.0
1.0,1.0,0.0,0.0,0.0
0.0,0.0,0.0,0.0,0.0
1.0,1.0,0.0,0.0,0.0
1.0,1.0,1.0,0.0,0.0
1.0,0.0,0.0,0.0,0.0
0.0,0.0,0.0,0.0,0.0
0.0,0.0,0.0,0.0,0.0
1.0,0.0,0.0,0.0,0.0
0.0,1.0,0.0,0.0,0.0
1.0,0.0,0.0,1.0,1.0
0.0,1.0,1.0,1.0,0.0
1.0,1.0,1.0,0.0,0.0
1.0,1.0,0.0,0.0,0.0
1.0,1.0,0.0,1.0,0.0
0.0,1.0,1.0,0.0,0.0
1.0,0.0,1.0,0.0,0.0
1.0,1.0,0.0,0.0,0.0
1.0,1.0,1.0,1.0,0.0
1.0,0.0,1.0,0.0,0.0
0.0,0.0,1.0,0.0,0.0
1.0,1.0,1.0,0.0,0.0
0.0,0.0,0.0,0.0,0.0
1.0,1.0,0.0,0.0,0.0
0.0,0.0,0.0,0.0,0.0
1.0,1.0,0.0,0.0,1.0
1.0,0.0,0.0,0.0,1.0
0.0,1.0,0.0,0.0,0.0
0.0,0.0,1.0,0.0,1.0
0.0,0.0,1.0,0.0,0.0
1.0,0.0,0.0,1.0,1.0
1.0,0.0,1.0,0.0,0.0
1.0,1.0,0.0,0.0,0.0
1.0,0.0,0.0,0.0,0.0
0.0,1.0,1.0,0.0,0.0
0.0,0.0,0.0,0.0,0.0
1.0,0.0,1.0,1.0,1.0
0.0,1.0,0.0,0.0,0.0
1.0,0.0,1.0,0.0,0.0
0.0,1.0,1.0,0.0,1.0
1.0,1.0,0.0,1.0,0.0
1.0,1.0,0.0,0.0,0.0
